Memory Frequency2,Mithil2
796137339.1,Kernel2
796137339.1,Kernel2
796137339.1,Kernel2
796137339.1,Kernel2
830578512.4,Kernel
830578512.4,Kernel
830578512.4,Kernel
830578512.4,Kernel
817596566.5,Kernel2
817596566.5,Kernel2
817596566.5,Kernel2
817596566.5,Kernel2
834963325.2,Kernel
834963325.2,Kernel
834963325.2,Kernel
834963325.2,Kernel
821428571.4,Kernel2
821428571.4,Kernel2
821428571.4,Kernel2
821428571.4,Kernel2
847790948.3,Kernel
847790948.3,Kernel
847790948.3,Kernel
847790948.3,Kernel
803030303.0,Kernel2
803030303.0,Kernel2
803030303.0,Kernel2
803030303.0,Kernel2
874056603.8,Kernel
874056603.8,Kernel
874056603.8,Kernel
874056603.8,Kernel
853161843.5,Kernel2
853161843.5,Kernel2
853161843.5,Kernel2
853161843.5,Kernel2
869822485.2,Kernel
869822485.2,Kernel
869822485.2,Kernel
869822485.2,Kernel
862727807.2,Kernel2
862727807.2,Kernel2
862727807.2,Kernel2
862727807.2,Kernel2
878909278.9,Kernel
878909278.9,Kernel
878909278.9,Kernel
878909278.9,Kernel
864450867.1,Kernel2
864450867.1,Kernel2
864450867.1,Kernel2
864450867.1,Kernel2
877606119.7,Kernel
877606119.7,Kernel
877606119.7,Kernel
877606119.7,Kernel
864004629.6,Kernel2
864004629.6,Kernel2
864004629.6,Kernel2
864004629.6,Kernel2
876387860.8,Kernel
876387860.8,Kernel
876387860.8,Kernel
876387860.8,Kernel
847129506.0,Kernel2
847129506.0,Kernel2
847129506.0,Kernel2
847129506.0,Kernel2
858081471.8,Kernel
858081471.8,Kernel
858081471.8,Kernel
858081471.8,Kernel
817391304.4,Kernel2
817391304.4,Kernel2
817391304.4,Kernel2
817391304.4,Kernel2
834558823.5,Kernel
834558823.5,Kernel
834558823.5,Kernel
834558823.5,Kernel
738281250.0,Kernel2
738281250.0,Kernel2
738281250.0,Kernel2
738281250.0,Kernel2
685121107.3,Kernel
685121107.3,Kernel
685121107.3,Kernel
685121107.3,Kernel
673076923.1,Kernel2
673076923.1,Kernel2
673076923.1,Kernel2
673076923.1,Kernel2
783189655.2,Kernel
783189655.2,Kernel
783189655.2,Kernel
783189655.2,Kernel
634259259.3,Kernel2
634259259.3,Kernel2
634259259.3,Kernel2
634259259.3,Kernel2
760233918.1,Kernel
760233918.1,Kernel
760233918.1,Kernel
760233918.1,Kernel
691176470.6,Kernel2
691176470.6,Kernel2
691176470.6,Kernel2
691176470.6,Kernel2
740196078.4,Kernel
740196078.4,Kernel
740196078.4,Kernel
740196078.4,Kernel
665048543.7,Kernel2
665048543.7,Kernel2
665048543.7,Kernel2
665048543.7,Kernel2
742647058.8,Kernel
742647058.8,Kernel
742647058.8,Kernel
742647058.8,Kernel
628571428.6,Kernel2
628571428.6,Kernel2
628571428.6,Kernel2
628571428.6,Kernel2
719178082.2,Kernel
719178082.2,Kernel
719178082.2,Kernel
719178082.2,Kernel
736559139.8,Kernel2
736559139.8,Kernel2
736559139.8,Kernel2
736559139.8,Kernel2
696261682.2,Kernel2
696261682.2,Kernel2
696261682.2,Kernel2
696261682.2,Kernel2
756756756.8,Kernel
756756756.8,Kernel
756756756.8,Kernel
756756756.8,Kernel
709490740.7,Kernel2
709490740.7,Kernel2
709490740.7,Kernel2
709490740.7,Kernel2
809037900.9,Kernel
809037900.9,Kernel
809037900.9,Kernel
809037900.9,Kernel
717927631.6,Kernel2
717927631.6,Kernel2
717927631.6,Kernel2
717927631.6,Kernel2
802083333.3,Kernel
802083333.3,Kernel
802083333.3,Kernel
802083333.3,Kernel
762886597.9,Kernel2
762886597.9,Kernel2
762886597.9,Kernel2
762886597.9,Kernel2
851158645.3,Kernel
851158645.3,Kernel
851158645.3,Kernel
851158645.3,Kernel
760204081.6,Kernel2
760204081.6,Kernel2
760204081.6,Kernel2
760204081.6,Kernel2
860719874.8,Kernel
860719874.8,Kernel
860719874.8,Kernel
860719874.8,Kernel
761538461.5,Kernel2
761538461.5,Kernel2
761538461.5,Kernel2
761538461.5,Kernel2
813451776.7,Kernel
813451776.7,Kernel
813451776.7,Kernel
813451776.7,Kernel
690476190.5,Kernel2
690476190.5,Kernel2
690476190.5,Kernel2
690476190.5,Kernel2
779220779.2,Kernel
779220779.2,Kernel
779220779.2,Kernel
779220779.2,Kernel
671428571.4,Kernel2
671428571.4,Kernel2
671428571.4,Kernel2
671428571.4,Kernel2
817934782.6,Kernel
817934782.6,Kernel
817934782.6,Kernel
817934782.6,Kernel
683962264.2,Kernel2
683962264.2,Kernel2
683962264.2,Kernel2
683962264.2,Kernel2
757627118.6,cuda_compute_step_factor
757627118.6,cuda_compute_step_factor
757627118.6,cuda_compute_step_factor
828963414.6,cuda_compute_flux
828963414.6,cuda_compute_flux
828963414.6,cuda_compute_flux
871428571.4,cuda_time_step
871428571.4,cuda_time_step
871428571.4,cuda_time_step
811386522.1,cuda_compute_flux
811386522.1,cuda_compute_flux
811386522.1,cuda_compute_flux
816622691.3,cuda_time_step
816622691.3,cuda_time_step
816622691.3,cuda_time_step
840488907.2,cuda_compute_flux
840488907.2,cuda_compute_flux
840488907.2,cuda_compute_flux
779792746.1,cuda_time_step
779792746.1,cuda_time_step
779792746.1,cuda_time_step
782552083.3,cuda_compute_step_factor
782552083.3,cuda_compute_step_factor
782552083.3,cuda_compute_step_factor
873675631.6,cuda_compute_flux
873675631.6,cuda_compute_flux
873675631.6,cuda_compute_flux
805929919.1,cuda_time_step
805929919.1,cuda_time_step
805929919.1,cuda_time_step
839933993.4,cuda_compute_flux
839933993.4,cuda_compute_flux
839933993.4,cuda_compute_flux
812668463.6,cuda_time_step
812668463.6,cuda_time_step
812668463.6,cuda_time_step
873745819.4,cuda_compute_flux
873745819.4,cuda_compute_flux
873745819.4,cuda_compute_flux
827077748.0,cuda_time_step
827077748.0,cuda_time_step
827077748.0,cuda_time_step
755102040.8,cuda_compute_step_factor
755102040.8,cuda_compute_step_factor
755102040.8,cuda_compute_step_factor
858792372.9,cuda_compute_flux
858792372.9,cuda_compute_flux
858792372.9,cuda_compute_flux
801047120.4,cuda_time_step
801047120.4,cuda_time_step
801047120.4,cuda_time_step
819388576.0,cuda_compute_flux
819388576.0,cuda_compute_flux
819388576.0,cuda_compute_flux
765228426.4,cuda_time_step
765228426.4,cuda_time_step
765228426.4,cuda_time_step
862288135.6,cuda_compute_flux
862288135.6,cuda_compute_flux
862288135.6,cuda_compute_flux
774358974.4,cuda_time_step
774358974.4,cuda_time_step
774358974.4,cuda_time_step
770979021.0,cuda_compute_step_factor
770979021.0,cuda_compute_step_factor
770979021.0,cuda_compute_step_factor
835360908.4,cuda_compute_flux
835360908.4,cuda_compute_flux
835360908.4,cuda_compute_flux
805333333.3,cuda_time_step
805333333.3,cuda_time_step
805333333.3,cuda_time_step
793286219.1,cuda_compute_step_factor
793286219.1,cuda_compute_step_factor
793286219.1,cuda_compute_step_factor
777777777.8,cuda_compute_step_factor
777777777.8,cuda_compute_step_factor
777777777.8,cuda_compute_step_factor
810283687.9,cuda_compute_step_factor
810283687.9,cuda_compute_step_factor
810283687.9,cuda_compute_step_factor
806691449.8,cuda_compute_step_factor
806691449.8,cuda_compute_step_factor
806691449.8,cuda_compute_step_factor
787811387.9,cuda_compute_step_factor
787811387.9,cuda_compute_step_factor
787811387.9,cuda_compute_step_factor
769503546.1,cuda_compute_step_factor
769503546.1,cuda_compute_step_factor
769503546.1,cuda_compute_step_factor
741127348.6,cuda_compute_step_factor
741127348.6,cuda_compute_step_factor
741127348.6,cuda_compute_step_factor
846234309.6,cuda_compute_flux
846234309.6,cuda_compute_flux
846234309.6,cuda_compute_flux
801957831.3,cuda_time_step
801957831.3,cuda_time_step
801957831.3,cuda_time_step
849862086.3,cuda_compute_flux
849862086.3,cuda_compute_flux
849862086.3,cuda_compute_flux
824845679.0,cuda_time_step
824845679.0,cuda_time_step
824845679.0,cuda_time_step
854348944.9,cuda_compute_flux
854348944.9,cuda_compute_flux
854348944.9,cuda_compute_flux
827666151.5,cuda_time_step
827666151.5,cuda_time_step
827666151.5,cuda_time_step
853409090.9,cuda_compute_step_factor
853409090.9,cuda_compute_step_factor
853409090.9,cuda_compute_step_factor
849378882.0,cuda_compute_flux
849378882.0,cuda_compute_flux
849378882.0,cuda_compute_flux
807692307.7,cuda_time_step
807692307.7,cuda_time_step
807692307.7,cuda_time_step
842938733.1,cuda_compute_flux
842938733.1,cuda_compute_flux
842938733.1,cuda_compute_flux
801369863.0,cuda_time_step
801369863.0,cuda_time_step
801369863.0,cuda_time_step
848508634.2,cuda_compute_flux
848508634.2,cuda_compute_flux
848508634.2,cuda_compute_flux
831306990.9,cuda_time_step
831306990.9,cuda_time_step
831306990.9,cuda_time_step
769473684.2,cuda_compute_step_factor
769473684.2,cuda_compute_step_factor
769473684.2,cuda_compute_step_factor
881852049.0,cuda_compute_flux
881852049.0,cuda_compute_flux
881852049.0,cuda_compute_flux
792921686.8,cuda_time_step
792921686.8,cuda_time_step
792921686.8,cuda_time_step
845306764.6,cuda_compute_flux
845306764.6,cuda_compute_flux
845306764.6,cuda_compute_flux
793363499.3,cuda_time_step
793363499.3,cuda_time_step
793363499.3,cuda_time_step
836448598.1,cuda_compute_flux
836448598.1,cuda_compute_flux
836448598.1,cuda_compute_flux
838328075.7,cuda_time_step
838328075.7,cuda_time_step
838328075.7,cuda_time_step
818493150.7,cuda_compute_step_factor
818493150.7,cuda_compute_step_factor
818493150.7,cuda_compute_step_factor
870150862.1,cuda_compute_flux
870150862.1,cuda_compute_flux
870150862.1,cuda_compute_flux
840039062.5,cuda_time_step
840039062.5,cuda_time_step
840039062.5,cuda_time_step
849187935.0,cuda_compute_step_factor
849187935.0,cuda_compute_step_factor
849187935.0,cuda_compute_step_factor
814814814.8,cuda_compute_step_factor
814814814.8,cuda_compute_step_factor
814814814.8,cuda_compute_step_factor
807848837.2,cuda_compute_step_factor
807848837.2,cuda_compute_step_factor
807848837.2,cuda_compute_step_factor
801123595.5,cuda_compute_step_factor
801123595.5,cuda_compute_step_factor
801123595.5,cuda_compute_step_factor
832183908.1,cuda_compute_step_factor
832183908.1,cuda_compute_step_factor
832183908.1,cuda_compute_step_factor
871121718.4,cuda_compute_step_factor
871121718.4,cuda_compute_step_factor
871121718.4,cuda_compute_step_factor
755976095.6,cuda_compute_step_factor
755976095.6,cuda_compute_step_factor
755976095.6,cuda_compute_step_factor
862219165.5,cuda_compute_flux
862219165.5,cuda_compute_flux
862219165.5,cuda_compute_flux
803571428.6,cuda_time_step
803571428.6,cuda_time_step
803571428.6,cuda_time_step
855384615.4,cuda_compute_flux
855384615.4,cuda_compute_flux
855384615.4,cuda_compute_flux
841446453.4,cuda_time_step
841446453.4,cuda_time_step
841446453.4,cuda_time_step
879217274.0,cuda_compute_flux
879217274.0,cuda_compute_flux
879217274.0,cuda_compute_flux
839235127.5,cuda_time_step
839235127.5,cuda_time_step
839235127.5,cuda_time_step
751719057.0,cuda_compute_step_factor
751719057.0,cuda_compute_step_factor
751719057.0,cuda_compute_step_factor
874033651.7,cuda_compute_flux
874033651.7,cuda_compute_flux
874033651.7,cuda_compute_flux
828389830.5,cuda_time_step
828389830.5,cuda_time_step
828389830.5,cuda_time_step
841965471.5,cuda_compute_flux
841965471.5,cuda_compute_flux
841965471.5,cuda_compute_flux
843705799.2,cuda_time_step
843705799.2,cuda_time_step
843705799.2,cuda_time_step
854166666.7,cuda_compute_flux
854166666.7,cuda_compute_flux
854166666.7,cuda_compute_flux
824229691.9,cuda_time_step
824229691.9,cuda_time_step
824229691.9,cuda_time_step
783095723.0,cuda_compute_step_factor
783095723.0,cuda_compute_step_factor
783095723.0,cuda_compute_step_factor
869940882.2,cuda_compute_flux
869940882.2,cuda_compute_flux
869940882.2,cuda_compute_flux
814016172.5,cuda_time_step
814016172.5,cuda_time_step
814016172.5,cuda_time_step
871979553.9,cuda_compute_flux
871979553.9,cuda_compute_flux
871979553.9,cuda_compute_flux
868267831.2,cuda_time_step
868267831.2,cuda_time_step
868267831.2,cuda_time_step
873669597.4,cuda_compute_flux
873669597.4,cuda_compute_flux
873669597.4,cuda_compute_flux
836301369.9,cuda_time_step
836301369.9,cuda_time_step
836301369.9,cuda_time_step
791242362.5,cuda_compute_step_factor
791242362.5,cuda_compute_step_factor
791242362.5,cuda_compute_step_factor
866716867.5,cuda_compute_flux
866716867.5,cuda_compute_flux
866716867.5,cuda_compute_flux
857740585.8,cuda_time_step
857740585.8,cuda_time_step
857740585.8,cuda_time_step
796296296.3,cuda_compute_step_factor
796296296.3,cuda_compute_step_factor
796296296.3,cuda_compute_step_factor
811974789.9,cuda_compute_step_factor
811974789.9,cuda_compute_step_factor
811974789.9,cuda_compute_step_factor
787500000.0,cuda_compute_step_factor
787500000.0,cuda_compute_step_factor
787500000.0,cuda_compute_step_factor
780793319.4,cuda_compute_step_factor
780793319.4,cuda_compute_step_factor
780793319.4,cuda_compute_step_factor
787755102.0,cuda_compute_step_factor
787755102.0,cuda_compute_step_factor
787755102.0,cuda_compute_step_factor
832599118.9,cuda_compute_step_factor
832599118.9,cuda_compute_step_factor
832599118.9,cuda_compute_step_factor
862732520.9,calculate_temp
862732520.9,calculate_temp
629834254.1,calculate_temp
629834254.1,calculate_temp
872269579.1,calculate_temp
872269579.1,calculate_temp
725760456.3,calculate_temp
725760456.3,calculate_temp
875417758.1,calculate_temp
875417758.1,calculate_temp
805133079.9,calculate_temp
805133079.9,calculate_temp
578313253.0,calculate_temp
578313253.0,calculate_temp
876707363.4,calculate_temp
876707363.4,calculate_temp
870821114.4,Fan2
870821114.4,Fan2
870821114.4,Fan2
742097701.2,Fan1
742097701.2,Fan1
742097701.2,Fan1
871294393.9,Fan2
871294393.9,Fan2
871294393.9,Fan2
728070175.4,Fan1
728070175.4,Fan1
728070175.4,Fan1
870709885.6,Fan2
870709885.6,Fan2
870709885.6,Fan2
710714285.7,Fan1
710714285.7,Fan1
710714285.7,Fan1
870925110.1,Fan2
870925110.1,Fan2
870925110.1,Fan2
709039548.0,Fan1
709039548.0,Fan1
709039548.0,Fan1
869762672.1,Fan2
869762672.1,Fan2
869762672.1,Fan2
729411764.7,Fan1
729411764.7,Fan1
729411764.7,Fan1
871298405.5,Fan2
871298405.5,Fan2
871298405.5,Fan2
769508670.5,Fan1
769508670.5,Fan1
769508670.5,Fan1
871685201.0,Fan2
871685201.0,Fan2
871685201.0,Fan2
742937853.1,Fan1
742937853.1,Fan1
742937853.1,Fan1
871326676.2,Fan2
871326676.2,Fan2
871326676.2,Fan2
733333333.3,Fan1
733333333.3,Fan1
733333333.3,Fan1
869981492.0,Fan2
869981492.0,Fan2
869981492.0,Fan2
750000000.0,Fan1
750000000.0,Fan1
750000000.0,Fan1
872613280.1,Fan2
872613280.1,Fan2
872613280.1,Fan2
712290502.8,Fan1
712290502.8,Fan1
712290502.8,Fan1
738324175.8,Fan2
738324175.8,Fan2
738324175.8,Fan2
744755244.8,Fan1
744755244.8,Fan1
744755244.8,Fan1
778378378.4,Fan2
778378378.4,Fan2
778378378.4,Fan2
700704225.4,Fan1
700704225.4,Fan1
700704225.4,Fan1
752777777.8,Fan2
752777777.8,Fan2
752777777.8,Fan2
707746478.9,Fan1
707746478.9,Fan1
707746478.9,Fan1
745084269.7,Fan2
745084269.7,Fan2
745084269.7,Fan2
693661971.8,Fan1
693661971.8,Fan1
693661971.8,Fan1
745810055.9,Fan2
745810055.9,Fan2
745810055.9,Fan2
756118881.1,Fan1
756118881.1,Fan1
756118881.1,Fan1
747474747.5,Fan2
747474747.5,Fan2
747474747.5,Fan2
744755244.8,Fan1
744755244.8,Fan1
744755244.8,Fan1
770202020.2,Fan2
770202020.2,Fan2
770202020.2,Fan2
719178082.2,Fan1
719178082.2,Fan1
719178082.2,Fan1
738578680.2,Fan2
738578680.2,Fan2
738578680.2,Fan2
724489795.9,Fan1
724489795.9,Fan1
724489795.9,Fan1
733502538.1,Fan2
733502538.1,Fan2
733502538.1,Fan2
708333333.3,Fan1
708333333.3,Fan1
708333333.3,Fan1
741116751.3,Fan2
741116751.3,Fan2
741116751.3,Fan2
695312500.0,Fan1
695312500.0,Fan1
695312500.0,Fan1
757211538.5,Fan2
757211538.5,Fan2
757211538.5,Fan2
736301369.9,Fan1
736301369.9,Fan1
736301369.9,Fan1
741784037.6,Fan2
741784037.6,Fan2
741784037.6,Fan2
744755244.8,Fan1
744755244.8,Fan1
744755244.8,Fan1
760869565.2,Fan2
760869565.2,Fan2
760869565.2,Fan2
744827586.2,Fan1
744827586.2,Fan1
744827586.2,Fan1
763157894.7,Fan2
763157894.7,Fan2
763157894.7,Fan2
725694444.4,Fan1
725694444.4,Fan1
725694444.4,Fan1
768115942.0,Fan2
768115942.0,Fan2
768115942.0,Fan2
723090277.8,Fan1
723090277.8,Fan1
723090277.8,Fan1
670886076.0,Fan2
670886076.0,Fan2
670886076.0,Fan2
647887323.9,Fan1
647887323.9,Fan1
647887323.9,Fan1
753496503.5,Fan2
753496503.5,Fan2
753496503.5,Fan2
643356643.4,Fan1
643356643.4,Fan1
643356643.4,Fan1
772727272.7,Fan2
772727272.7,Fan2
772727272.7,Fan2
643356643.4,Fan1
643356643.4,Fan1
643356643.4,Fan1
776223776.2,Fan2
776223776.2,Fan2
776223776.2,Fan2
644366197.2,Fan1
644366197.2,Fan1
644366197.2,Fan1
753472222.2,Fan2
753472222.2,Fan2
753472222.2,Fan2
636363636.4,Fan1
636363636.4,Fan1
636363636.4,Fan1
762114537.4,Fan2
762114537.4,Fan2
762114537.4,Fan2
722222222.2,Fan1
722222222.2,Fan1
722222222.2,Fan1
756578947.4,Fan2
756578947.4,Fan2
756578947.4,Fan2
732638888.9,Fan1
732638888.9,Fan1
732638888.9,Fan1
757641921.4,Fan2
757641921.4,Fan2
757641921.4,Fan2
727272727.3,Fan1
727272727.3,Fan1
727272727.3,Fan1
765765765.8,Fan2
765765765.8,Fan2
765765765.8,Fan2
711409396.0,Fan1
711409396.0,Fan1
711409396.0,Fan1
761615044.3,Fan2
761615044.3,Fan2
761615044.3,Fan2
713286713.3,Fan1
713286713.3,Fan1
713286713.3,Fan1
762195122.0,Fan2
762195122.0,Fan2
762195122.0,Fan2
697278911.6,Fan1
697278911.6,Fan1
697278911.6,Fan1
773858921.2,Fan2
773858921.2,Fan2
773858921.2,Fan2
725694444.4,Fan1
725694444.4,Fan1
725694444.4,Fan1
790104166.7,Fan2
790104166.7,Fan2
790104166.7,Fan2
724137931.0,Fan1
724137931.0,Fan1
724137931.0,Fan1
764344262.3,Fan2
764344262.3,Fan2
764344262.3,Fan2
704081632.7,Fan1
704081632.7,Fan1
704081632.7,Fan1
764344262.3,Fan2
764344262.3,Fan2
764344262.3,Fan2
741496598.6,Fan1
741496598.6,Fan1
741496598.6,Fan1
785714285.7,Fan2
785714285.7,Fan2
785714285.7,Fan2
731034482.8,Fan1
731034482.8,Fan1
731034482.8,Fan1
777992278.0,Fan2
777992278.0,Fan2
777992278.0,Fan2
715753424.7,Fan1
715753424.7,Fan1
715753424.7,Fan1
777194656.5,Fan2
777194656.5,Fan2
777194656.5,Fan2
738175675.7,Fan1
738175675.7,Fan1
738175675.7,Fan1
779922779.9,Fan2
779922779.9,Fan2
779922779.9,Fan2
714765100.7,Fan1
714765100.7,Fan1
714765100.7,Fan1
781730769.2,Fan2
781730769.2,Fan2
781730769.2,Fan2
750000000.0,Fan1
750000000.0,Fan1
750000000.0,Fan1
782130281.7,Fan2
782130281.7,Fan2
782130281.7,Fan2
720689655.2,Fan1
720689655.2,Fan1
720689655.2,Fan1
786219081.3,Fan2
786219081.3,Fan2
786219081.3,Fan2
719178082.2,Fan1
719178082.2,Fan1
719178082.2,Fan1
800000000.0,Fan2
800000000.0,Fan2
800000000.0,Fan2
702702702.7,Fan1
702702702.7,Fan1
702702702.7,Fan1
784697508.9,Fan2
784697508.9,Fan2
784697508.9,Fan2
706125827.8,Fan1
706125827.8,Fan1
706125827.8,Fan1
790035587.2,Fan2
790035587.2,Fan2
790035587.2,Fan2
739726027.4,Fan1
739726027.4,Fan1
739726027.4,Fan1
777960526.3,Fan2
777960526.3,Fan2
777960526.3,Fan2
729729729.7,Fan1
729729729.7,Fan1
729729729.7,Fan1
807947019.9,Fan2
807947019.9,Fan2
807947019.9,Fan2
779310344.8,Fan1
779310344.8,Fan1
779310344.8,Fan1
797029703.0,Fan2
797029703.0,Fan2
797029703.0,Fan2
726027397.3,Fan1
726027397.3,Fan1
726027397.3,Fan1
793046357.6,Fan2
793046357.6,Fan2
793046357.6,Fan2
724489795.9,Fan1
724489795.9,Fan1
724489795.9,Fan1
796357615.9,Fan2
796357615.9,Fan2
796357615.9,Fan2
714285714.3,Fan1
714285714.3,Fan1
714285714.3,Fan1
788288288.3,Fan2
788288288.3,Fan2
788288288.3,Fan2
720000000.0,Fan1
720000000.0,Fan1
720000000.0,Fan1
800911854.1,Fan2
800911854.1,Fan2
800911854.1,Fan2
726351351.4,Fan1
726351351.4,Fan1
726351351.4,Fan1
790030211.5,Fan2
790030211.5,Fan2
790030211.5,Fan2
753472222.2,Fan1
753472222.2,Fan1
753472222.2,Fan1
796352583.6,Fan2
796352583.6,Fan2
796352583.6,Fan2
723333333.3,Fan1
723333333.3,Fan1
723333333.3,Fan1
793051359.5,Fan2
793051359.5,Fan2
793051359.5,Fan2
719594594.6,Fan1
719594594.6,Fan1
719594594.6,Fan1
796348314.6,Fan2
796348314.6,Fan2
796348314.6,Fan2
643274853.8,Fan1
643274853.8,Fan1
643274853.8,Fan1
814814814.8,Fan2
814814814.8,Fan2
814814814.8,Fan2
631578947.4,Fan1
631578947.4,Fan1
631578947.4,Fan1
815714285.7,Fan2
815714285.7,Fan2
815714285.7,Fan2
741496598.6,Fan1
741496598.6,Fan1
741496598.6,Fan1
815340909.1,Fan2
815340909.1,Fan2
815340909.1,Fan2
750000000.0,Fan1
750000000.0,Fan1
750000000.0,Fan1
821022727.3,Fan2
821022727.3,Fan2
821022727.3,Fan2
736486486.5,Fan1
736486486.5,Fan1
736486486.5,Fan1
810704960.8,Fan2
810704960.8,Fan2
810704960.8,Fan2
739726027.4,Fan1
739726027.4,Fan1
739726027.4,Fan1
817941952.5,Fan2
817941952.5,Fan2
817941952.5,Fan2
728187919.5,Fan1
728187919.5,Fan1
728187919.5,Fan1
827586206.9,Fan2
827586206.9,Fan2
827586206.9,Fan2
758503401.4,Fan1
758503401.4,Fan1
758503401.4,Fan1
808707124.0,Fan2
808707124.0,Fan2
808707124.0,Fan2
764166666.7,Fan1
764166666.7,Fan1
764166666.7,Fan1
824800531.9,Fan2
824800531.9,Fan2
824800531.9,Fan2
726510067.1,Fan1
726510067.1,Fan1
726510067.1,Fan1
824390243.9,Fan2
824390243.9,Fan2
824390243.9,Fan2
756666666.7,Fan1
756666666.7,Fan1
756666666.7,Fan1
821867321.9,Fan2
821867321.9,Fan2
821867321.9,Fan2
725328947.4,Fan1
725328947.4,Fan1
725328947.4,Fan1
818627451.0,Fan2
818627451.0,Fan2
818627451.0,Fan2
743243243.2,Fan1
743243243.2,Fan1
743243243.2,Fan1
814950980.4,Fan2
814950980.4,Fan2
814950980.4,Fan2
667647058.8,Fan1
667647058.8,Fan1
667647058.8,Fan1
822788697.8,Fan2
822788697.8,Fan2
822788697.8,Fan2
667647058.8,Fan1
667647058.8,Fan1
667647058.8,Fan1
812359550.6,Fan2
812359550.6,Fan2
812359550.6,Fan2
646198830.4,Fan1
646198830.4,Fan1
646198830.4,Fan1
827981651.4,Fan2
827981651.4,Fan2
827981651.4,Fan2
650735294.1,Fan1
650735294.1,Fan1
650735294.1,Fan1
833715596.3,Fan2
833715596.3,Fan2
833715596.3,Fan2
736666666.7,Fan1
736666666.7,Fan1
736666666.7,Fan1
813769751.7,Fan2
813769751.7,Fan2
813769751.7,Fan2
631578947.4,Fan1
631578947.4,Fan1
631578947.4,Fan1
822727272.7,Fan2
822727272.7,Fan2
822727272.7,Fan2
636627907.0,Fan1
636627907.0,Fan1
636627907.0,Fan1
770104895.1,Fan2
770104895.1,Fan2
770104895.1,Fan2
715034965.0,Fan1
715034965.0,Fan1
715034965.0,Fan1
729166666.7,Fan2
729166666.7,Fan2
729166666.7,Fan2
653846153.9,Fan1
653846153.9,Fan1
653846153.9,Fan1
711805555.6,Fan2
711805555.6,Fan2
711805555.6,Fan2
642857142.9,Fan1
642857142.9,Fan1
642857142.9,Fan1
758741258.7,Fan2
758741258.7,Fan2
758741258.7,Fan2
711267605.6,Fan1
711267605.6,Fan1
711267605.6,Fan1
727272727.3,Fan2
727272727.3,Fan2
727272727.3,Fan2
697552447.6,Fan1
697552447.6,Fan1
697552447.6,Fan1
833421610.2,Fan2
833421610.2,Fan2
833421610.2,Fan2
679411764.7,Fan1
679411764.7,Fan1
679411764.7,Fan1
827330508.5,Fan2
827330508.5,Fan2
827330508.5,Fan2
705882352.9,Fan1
705882352.9,Fan1
705882352.9,Fan1
820675105.5,Fan2
820675105.5,Fan2
820675105.5,Fan2
660818713.5,Fan1
660818713.5,Fan1
660818713.5,Fan1
835470085.5,Fan2
835470085.5,Fan2
835470085.5,Fan2
769736842.1,Fan1
769736842.1,Fan1
769736842.1,Fan1
823404255.3,Fan2
823404255.3,Fan2
823404255.3,Fan2
678362573.1,Fan1
678362573.1,Fan1
678362573.1,Fan1
830357142.9,Fan2
830357142.9,Fan2
830357142.9,Fan2
638235294.1,Fan1
638235294.1,Fan1
638235294.1,Fan1
835735586.5,Fan2
835735586.5,Fan2
835735586.5,Fan2
661242603.6,Fan1
661242603.6,Fan1
661242603.6,Fan1
839428857.7,Fan2
839428857.7,Fan2
839428857.7,Fan2
756666666.7,Fan1
756666666.7,Fan1
756666666.7,Fan1
846307385.2,Fan2
846307385.2,Fan2
846307385.2,Fan2
709150326.8,Fan1
709150326.8,Fan1
709150326.8,Fan1
838677354.7,Fan2
838677354.7,Fan2
838677354.7,Fan2
649408284.0,Fan1
649408284.0,Fan1
649408284.0,Fan1
832103321.0,Fan2
832103321.0,Fan2
832103321.0,Fan2
717647058.8,Fan1
717647058.8,Fan1
717647058.8,Fan1
825966850.8,Fan2
825966850.8,Fan2
825966850.8,Fan2
669852941.2,Fan1
669852941.2,Fan1
669852941.2,Fan1
837057728.1,Fan2
837057728.1,Fan2
837057728.1,Fan2
683431952.7,Fan1
683431952.7,Fan1
683431952.7,Fan1
828729281.8,Fan2
828729281.8,Fan2
828729281.8,Fan2
673529411.8,Fan1
673529411.8,Fan1
673529411.8,Fan1
834879406.3,Fan2
834879406.3,Fan2
834879406.3,Fan2
731250000.0,Fan1
731250000.0,Fan1
731250000.0,Fan1
838821490.5,Fan2
838821490.5,Fan2
838821490.5,Fan2
662721893.5,Fan1
662721893.5,Fan1
662721893.5,Fan1
833620689.7,Fan2
833620689.7,Fan2
833620689.7,Fan2
770695364.2,Fan1
770695364.2,Fan1
770695364.2,Fan1
840000000.0,Fan2
840000000.0,Fan2
840000000.0,Fan2
672514619.9,Fan1
672514619.9,Fan1
672514619.9,Fan1
838235294.1,Fan2
838235294.1,Fan2
838235294.1,Fan2
676598837.2,Fan1
676598837.2,Fan1
676598837.2,Fan1
846620450.6,Fan2
846620450.6,Fan2
846620450.6,Fan2
677205882.4,Fan1
677205882.4,Fan1
677205882.4,Fan1
842019544.0,Fan2
842019544.0,Fan2
842019544.0,Fan2
718934911.2,Fan1
718934911.2,Fan1
718934911.2,Fan1
846405228.8,Fan2
846405228.8,Fan2
846405228.8,Fan2
689349112.4,Fan1
689349112.4,Fan1
689349112.4,Fan1
847790507.4,Fan2
847790507.4,Fan2
847790507.4,Fan2
691176470.6,Fan1
691176470.6,Fan1
691176470.6,Fan1
846153846.2,Fan2
846153846.2,Fan2
846153846.2,Fan2
724852071.0,Fan1
724852071.0,Fan1
724852071.0,Fan1
835218093.7,Fan2
835218093.7,Fan2
835218093.7,Fan2
702941176.5,Fan1
702941176.5,Fan1
702941176.5,Fan1
848091603.1,Fan2
848091603.1,Fan2
848091603.1,Fan2
680473372.8,Fan1
680473372.8,Fan1
680473372.8,Fan1
846050613.5,Fan2
846050613.5,Fan2
846050613.5,Fan2
670588235.3,Fan1
670588235.3,Fan1
670588235.3,Fan1
849236641.2,Fan2
849236641.2,Fan2
849236641.2,Fan2
672514619.9,Fan1
672514619.9,Fan1
672514619.9,Fan1
842791411.0,Fan2
842791411.0,Fan2
842791411.0,Fan2
705882352.9,Fan1
705882352.9,Fan1
705882352.9,Fan1
842465753.4,Fan2
842465753.4,Fan2
842465753.4,Fan2
670588235.3,Fan1
670588235.3,Fan1
670588235.3,Fan1
848637015.8,Fan2
848637015.8,Fan2
848637015.8,Fan2
736686390.5,Fan1
736686390.5,Fan1
736686390.5,Fan1
862068965.5,Fan2
862068965.5,Fan2
862068965.5,Fan2
748538011.7,Fan1
748538011.7,Fan1
748538011.7,Fan1
847919655.7,Fan2
847919655.7,Fan2
847919655.7,Fan2
724852071.0,Fan1
724852071.0,Fan1
724852071.0,Fan1
847701149.4,Fan2
847701149.4,Fan2
847701149.4,Fan2
701183432.0,Fan1
701183432.0,Fan1
701183432.0,Fan1
853571428.6,Fan2
853571428.6,Fan2
853571428.6,Fan2
701183432.0,Fan1
701183432.0,Fan1
701183432.0,Fan1
839118825.1,Fan2
839118825.1,Fan2
839118825.1,Fan2
673529411.8,Fan1
673529411.8,Fan1
673529411.8,Fan1
848238482.4,Fan2
848238482.4,Fan2
848238482.4,Fan2
673529411.8,Fan1
673529411.8,Fan1
673529411.8,Fan1
846414073.1,Fan2
846414073.1,Fan2
846414073.1,Fan2
675438596.5,Fan1
675438596.5,Fan1
675438596.5,Fan1
840026773.8,Fan2
840026773.8,Fan2
840026773.8,Fan2
669590643.3,Fan1
669590643.3,Fan1
669590643.3,Fan1
855691056.9,Fan2
855691056.9,Fan2
855691056.9,Fan2
690058479.5,Fan1
690058479.5,Fan1
690058479.5,Fan1
853954081.6,Fan2
853954081.6,Fan2
853954081.6,Fan2
713450292.4,Fan1
713450292.4,Fan1
713450292.4,Fan1
855044699.9,Fan2
855044699.9,Fan2
855044699.9,Fan2
716374269.0,Fan1
716374269.0,Fan1
716374269.0,Fan1
848792884.4,Fan2
848792884.4,Fan2
848792884.4,Fan2
724264705.9,Fan1
724264705.9,Fan1
724264705.9,Fan1
849011479.6,Fan2
849011479.6,Fan2
849011479.6,Fan2
732352941.2,Fan1
732352941.2,Fan1
732352941.2,Fan1
845569620.3,Fan2
845569620.3,Fan2
845569620.3,Fan2
689655172.4,Fan1
689655172.4,Fan1
689655172.4,Fan1
857142857.1,Fan2
857142857.1,Fan2
857142857.1,Fan2
683139534.9,Fan1
683139534.9,Fan1
683139534.9,Fan1
856115107.9,Fan2
856115107.9,Fan2
856115107.9,Fan2
717647058.8,Fan1
717647058.8,Fan1
717647058.8,Fan1
850898203.6,Fan2
850898203.6,Fan2
850898203.6,Fan2
673529411.8,Fan1
673529411.8,Fan1
673529411.8,Fan1
851140456.2,Fan2
851140456.2,Fan2
851140456.2,Fan2
694117647.1,Fan1
694117647.1,Fan1
694117647.1,Fan1
849462365.6,Fan2
849462365.6,Fan2
849462365.6,Fan2
701754386.0,Fan1
701754386.0,Fan1
701754386.0,Fan1
724832214.8,Fan2
724832214.8,Fan2
724832214.8,Fan2
643356643.4,Fan1
643356643.4,Fan1
643356643.4,Fan1
755033557.1,Fan2
755033557.1,Fan2
755033557.1,Fan2
656250000.0,Fan1
656250000.0,Fan1
656250000.0,Fan1
747483221.5,Fan2
747483221.5,Fan2
747483221.5,Fan2
687937062.9,Fan1
687937062.9,Fan1
687937062.9,Fan1
691176470.6,Fan2
691176470.6,Fan2
691176470.6,Fan2
699300699.3,Fan1
699300699.3,Fan1
699300699.3,Fan1
653846153.9,Fan2
653846153.9,Fan2
653846153.9,Fan2
684027777.8,Fan1
684027777.8,Fan1
684027777.8,Fan1
851244343.9,Fan2
851244343.9,Fan2
851244343.9,Fan2
708823529.4,Fan1
708823529.4,Fan1
708823529.4,Fan1
851642129.1,Fan2
851642129.1,Fan2
851642129.1,Fan2
712500000.0,Fan1
712500000.0,Fan1
712500000.0,Fan1
850509626.3,Fan2
850509626.3,Fan2
850509626.3,Fan2
699421965.3,Fan1
699421965.3,Fan1
699421965.3,Fan1
849717514.1,Fan2
849717514.1,Fan2
849717514.1,Fan2
729411764.7,Fan1
729411764.7,Fan1
729411764.7,Fan1
851075877.7,Fan2
851075877.7,Fan2
851075877.7,Fan2
705202312.1,Fan1
705202312.1,Fan1
705202312.1,Fan1
856357296.1,Fan2
856357296.1,Fan2
856357296.1,Fan2
710526315.8,Fan1
710526315.8,Fan1
710526315.8,Fan1
852553763.4,Fan2
852553763.4,Fan2
852553763.4,Fan2
716176470.6,Fan1
716176470.6,Fan1
716176470.6,Fan1
860856681.0,Fan2
860856681.0,Fan2
860856681.0,Fan2
681286549.7,Fan1
681286549.7,Fan1
681286549.7,Fan1
856526429.3,Fan2
856526429.3,Fan2
856526429.3,Fan2
684210526.3,Fan1
684210526.3,Fan1
684210526.3,Fan1
858602150.5,Fan2
858602150.5,Fan2
858602150.5,Fan2
694117647.1,Fan1
694117647.1,Fan1
694117647.1,Fan1
852100202.4,Fan2
852100202.4,Fan2
852100202.4,Fan2
732558139.5,Fan1
732558139.5,Fan1
732558139.5,Fan1
859550561.8,Fan2
859550561.8,Fan2
859550561.8,Fan2
717647058.8,Fan1
717647058.8,Fan1
717647058.8,Fan1
856052899.3,Fan2
856052899.3,Fan2
856052899.3,Fan2
726470588.2,Fan1
726470588.2,Fan1
726470588.2,Fan1
853238866.4,Fan2
853238866.4,Fan2
853238866.4,Fan2
718930635.8,Fan1
718930635.8,Fan1
718930635.8,Fan1
851720647.8,Fan2
851720647.8,Fan2
851720647.8,Fan2
711764705.9,Fan1
711764705.9,Fan1
711764705.9,Fan1
857608695.7,Fan2
857608695.7,Fan2
857608695.7,Fan2
701183432.0,Fan1
701183432.0,Fan1
701183432.0,Fan1
857850241.6,Fan2
857850241.6,Fan2
857850241.6,Fan2
696531791.9,Fan1
696531791.9,Fan1
696531791.9,Fan1
856382978.7,Fan2
856382978.7,Fan2
856382978.7,Fan2
702941176.5,Fan1
702941176.5,Fan1
702941176.5,Fan1
858470077.2,Fan2
858470077.2,Fan2
858470077.2,Fan2
702941176.5,Fan1
702941176.5,Fan1
702941176.5,Fan1
858003857.3,Fan2
858003857.3,Fan2
858003857.3,Fan2
692307692.3,Fan1
692307692.3,Fan1
692307692.3,Fan1
861136572.0,Fan2
861136572.0,Fan2
861136572.0,Fan2
732558139.5,Fan1
732558139.5,Fan1
732558139.5,Fan1
858126721.8,Fan2
858126721.8,Fan2
858126721.8,Fan2
745664739.9,Fan1
745664739.9,Fan1
745664739.9,Fan1
858256880.7,Fan2
858256880.7,Fan2
858256880.7,Fan2
739766081.9,Fan1
739766081.9,Fan1
739766081.9,Fan1
856227106.2,Fan2
856227106.2,Fan2
856227106.2,Fan2
745664739.9,Fan1
745664739.9,Fan1
745664739.9,Fan1
856032906.8,Fan2
856032906.8,Fan2
856032906.8,Fan2
724137931.0,Fan1
724137931.0,Fan1
724137931.0,Fan1
860820244.3,Fan2
860820244.3,Fan2
860820244.3,Fan2
724852071.0,Fan1
724852071.0,Fan1
724852071.0,Fan1
855343179.8,Fan2
855343179.8,Fan2
855343179.8,Fan2
700581395.4,Fan1
700581395.4,Fan1
700581395.4,Fan1
855978260.9,Fan2
855978260.9,Fan2
855978260.9,Fan2
736842105.3,Fan1
736842105.3,Fan1
736842105.3,Fan1
858572671.9,Fan2
858572671.9,Fan2
858572671.9,Fan2
725735294.1,Fan1
725735294.1,Fan1
725735294.1,Fan1
862249346.1,Fan2
862249346.1,Fan2
862249346.1,Fan2
724264705.9,Fan1
724264705.9,Fan1
724264705.9,Fan1
855785124.0,Fan2
855785124.0,Fan2
855785124.0,Fan2
730113636.4,Fan1
730113636.4,Fan1
730113636.4,Fan1
855729596.0,Fan2
855729596.0,Fan2
855729596.0,Fan2
741379310.3,Fan1
741379310.3,Fan1
741379310.3,Fan1
862655601.7,Fan2
862655601.7,Fan2
862655601.7,Fan2
758620689.7,Fan1
758620689.7,Fan1
758620689.7,Fan1
857320099.3,Fan2
857320099.3,Fan2
857320099.3,Fan2
737288135.6,Fan1
737288135.6,Fan1
737288135.6,Fan1
859452736.3,Fan2
859452736.3,Fan2
859452736.3,Fan2
734285714.3,Fan1
734285714.3,Fan1
734285714.3,Fan1
862589356.6,Fan2
862589356.6,Fan2
862589356.6,Fan2
750000000.0,Fan1
750000000.0,Fan1
750000000.0,Fan1
857256145.9,Fan2
857256145.9,Fan2
857256145.9,Fan2
723988439.3,Fan1
723988439.3,Fan1
723988439.3,Fan1
858743061.1,Fan2
858743061.1,Fan2
858743061.1,Fan2
736686390.5,Fan1
736686390.5,Fan1
736686390.5,Fan1
861685214.6,Fan2
861685214.6,Fan2
861685214.6,Fan2
697058823.5,Fan1
697058823.5,Fan1
697058823.5,Fan1
861795075.5,Fan2
861795075.5,Fan2
861795075.5,Fan2
746323529.4,Fan1
746323529.4,Fan1
746323529.4,Fan1
860587792.0,Fan2
860587792.0,Fan2
860587792.0,Fan2
752873563.2,Fan1
752873563.2,Fan1
752873563.2,Fan1
862575301.2,Fan2
862575301.2,Fan2
862575301.2,Fan2
770114942.5,Fan1
770114942.5,Fan1
770114942.5,Fan1
859774436.1,Fan2
859774436.1,Fan2
859774436.1,Fan2
739884393.1,Fan1
739884393.1,Fan1
739884393.1,Fan1
859080633.0,Fan2
859080633.0,Fan2
859080633.0,Fan2
727272727.3,Fan1
727272727.3,Fan1
727272727.3,Fan1
861926260.4,Fan2
861926260.4,Fan2
861926260.4,Fan2
774566474.0,Fan1
774566474.0,Fan1
774566474.0,Fan1
860114777.6,Fan2
860114777.6,Fan2
860114777.6,Fan2
729651162.8,Fan1
729651162.8,Fan1
729651162.8,Fan1
862230215.8,Fan2
862230215.8,Fan2
862230215.8,Fan2
720930232.6,Fan1
720930232.6,Fan1
720930232.6,Fan1
867625899.3,Fan2
867625899.3,Fan2
867625899.3,Fan2
726470588.2,Fan1
726470588.2,Fan1
726470588.2,Fan1
860272988.5,Fan2
860272988.5,Fan2
860272988.5,Fan2
729411764.7,Fan1
729411764.7,Fan1
729411764.7,Fan1
860463029.4,Fan2
860463029.4,Fan2
860463029.4,Fan2
724852071.0,Fan1
724852071.0,Fan1
724852071.0,Fan1
667647058.8,Fan2
667647058.8,Fan2
667647058.8,Fan2
678321678.3,Fan1
678321678.3,Fan1
678321678.3,Fan1
674556213.0,Fan2
674556213.0,Fan2
674556213.0,Fan2
653846153.9,Fan1
653846153.9,Fan1
653846153.9,Fan1
659763313.6,Fan2
659763313.6,Fan2
659763313.6,Fan2
658450704.2,Fan1
658450704.2,Fan1
658450704.2,Fan1
665680473.4,Fan2
665680473.4,Fan2
665680473.4,Fan2
700704225.4,Fan1
700704225.4,Fan1
700704225.4,Fan1
662721893.5,Fan2
662721893.5,Fan2
662721893.5,Fan2
657342657.3,Fan1
657342657.3,Fan1
657342657.3,Fan1
860233516.5,Fan2
860233516.5,Fan2
860233516.5,Fan2
739884393.1,Fan1
739884393.1,Fan1
739884393.1,Fan1
859492803.3,Fan2
859492803.3,Fan2
859492803.3,Fan2
784482758.6,Fan1
784482758.6,Fan1
784482758.6,Fan1
862886597.9,Fan2
862886597.9,Fan2
862886597.9,Fan2
763005780.4,Fan1
763005780.4,Fan1
763005780.4,Fan1
863917525.8,Fan2
863917525.8,Fan2
863917525.8,Fan2
751445086.7,Fan1
751445086.7,Fan1
751445086.7,Fan1
859289148.4,Fan2
859289148.4,Fan2
859289148.4,Fan2
754335260.1,Fan1
754335260.1,Fan1
754335260.1,Fan1
863278688.5,Fan2
863278688.5,Fan2
863278688.5,Fan2
730769230.8,Fan1
730769230.8,Fan1
730769230.8,Fan1
862295082.0,Fan2
862295082.0,Fan2
862295082.0,Fan2
745614035.1,Fan1
745614035.1,Fan1
745614035.1,Fan1
863247863.3,Fan2
863247863.3,Fan2
863247863.3,Fan2
745562130.2,Fan1
745562130.2,Fan1
745562130.2,Fan1
861493123.8,Fan2
861493123.8,Fan2
861493123.8,Fan2
704678362.6,Fan1
704678362.6,Fan1
704678362.6,Fan1
863278688.5,Fan2
863278688.5,Fan2
863278688.5,Fan2
739766081.9,Fan1
739766081.9,Fan1
739766081.9,Fan1
864890282.1,Fan2
864890282.1,Fan2
864890282.1,Fan2
748571428.6,Fan1
748571428.6,Fan1
748571428.6,Fan1
860703125.0,Fan2
860703125.0,Fan2
860703125.0,Fan2
751428571.4,Fan1
751428571.4,Fan1
751428571.4,Fan1
865493400.4,Fan2
865493400.4,Fan2
865493400.4,Fan2
758620689.7,Fan1
758620689.7,Fan1
758620689.7,Fan1
860225140.7,Fan2
860225140.7,Fan2
860225140.7,Fan2
742857142.9,Fan1
742857142.9,Fan1
742857142.9,Fan1
865970477.4,Fan2
865970477.4,Fan2
865970477.4,Fan2
750000000.0,Fan1
750000000.0,Fan1
750000000.0,Fan1
872436670.7,Fan2
872436670.7,Fan2
872436670.7,Fan2
708823529.4,Fan1
708823529.4,Fan1
708823529.4,Fan1
865604329.5,Fan2
865604329.5,Fan2
865604329.5,Fan2
718934911.2,Fan1
718934911.2,Fan1
718934911.2,Fan1
866125150.4,Fan2
866125150.4,Fan2
866125150.4,Fan2
738235294.1,Fan1
738235294.1,Fan1
738235294.1,Fan1
861077844.3,Fan2
861077844.3,Fan2
861077844.3,Fan2
729411764.7,Fan1
729411764.7,Fan1
729411764.7,Fan1
867168674.7,Fan2
867168674.7,Fan2
867168674.7,Fan2
748520710.1,Fan1
748520710.1,Fan1
748520710.1,Fan1
865051903.1,Fan2
865051903.1,Fan2
865051903.1,Fan2
722857142.9,Fan1
722857142.9,Fan1
722857142.9,Fan1
867417677.6,Fan2
867417677.6,Fan2
867417677.6,Fan2
719101123.6,Fan1
719101123.6,Fan1
719101123.6,Fan1
863479262.7,Fan2
863479262.7,Fan2
863479262.7,Fan2
747159090.9,Fan1
747159090.9,Fan1
747159090.9,Fan1
867417677.6,Fan2
867417677.6,Fan2
867417677.6,Fan2
728571428.6,Fan1
728571428.6,Fan1
728571428.6,Fan1
864979815.5,Fan2
864979815.5,Fan2
864979815.5,Fan2
754285714.3,Fan1
754285714.3,Fan1
754285714.3,Fan1
866002214.8,Fan2
866002214.8,Fan2
866002214.8,Fan2
738235294.1,Fan1
738235294.1,Fan1
738235294.1,Fan1
866906474.8,Fan2
866906474.8,Fan2
866906474.8,Fan2
718934911.2,Fan1
718934911.2,Fan1
718934911.2,Fan1
864491150.4,Fan2
864491150.4,Fan2
864491150.4,Fan2
728070175.4,Fan1
728070175.4,Fan1
728070175.4,Fan1
869384359.4,Fan2
869384359.4,Fan2
869384359.4,Fan2
723684210.5,Fan1
723684210.5,Fan1
723684210.5,Fan1
867049225.7,Fan2
867049225.7,Fan2
867049225.7,Fan2
735465116.3,Fan1
735465116.3,Fan1
735465116.3,Fan1
867748802.6,Fan2
867748802.6,Fan2
867748802.6,Fan2
740056818.2,Fan1
740056818.2,Fan1
740056818.2,Fan1
867889420.5,Fan2
867889420.5,Fan2
867889420.5,Fan2
736994219.7,Fan1
736994219.7,Fan1
736994219.7,Fan1
865058324.5,Fan2
865058324.5,Fan2
865058324.5,Fan2
747191011.2,Fan1
747191011.2,Fan1
747191011.2,Fan1
866365568.5,Fan2
866365568.5,Fan2
866365568.5,Fan2
738636363.6,Fan1
738636363.6,Fan1
738636363.6,Fan1
865323435.8,Fan2
865323435.8,Fan2
865323435.8,Fan2
763728323.7,Fan1
763728323.7,Fan1
763728323.7,Fan1
863382427.6,Fan2
863382427.6,Fan2
863382427.6,Fan2
736686390.5,Fan1
736686390.5,Fan1
736686390.5,Fan1
867211440.3,Fan2
867211440.3,Fan2
867211440.3,Fan2
720930232.6,Fan1
720930232.6,Fan1
720930232.6,Fan1
871165644.2,Fan2
871165644.2,Fan2
871165644.2,Fan2
708092485.6,Fan1
708092485.6,Fan1
708092485.6,Fan1
868098159.5,Fan2
868098159.5,Fan2
868098159.5,Fan2
732352941.2,Fan1
732352941.2,Fan1
732352941.2,Fan1
870076726.3,Fan2
870076726.3,Fan2
870076726.3,Fan2
720588235.3,Fan1
720588235.3,Fan1
720588235.3,Fan1
868236596.2,Fan2
868236596.2,Fan2
868236596.2,Fan2
755747126.4,Fan1
755747126.4,Fan1
755747126.4,Fan1
867437284.8,Fan2
867437284.8,Fan2
867437284.8,Fan2
765714285.7,Fan1
765714285.7,Fan1
765714285.7,Fan1
868734643.7,Fan2
868734643.7,Fan2
868734643.7,Fan2
742774566.5,Fan1
742774566.5,Fan1
742774566.5,Fan1
867271835.1,Fan2
867271835.1,Fan2
867271835.1,Fan2
749281609.2,Fan1
749281609.2,Fan1
749281609.2,Fan1
868614931.2,Fan2
868614931.2,Fan2
868614931.2,Fan2
767647058.8,Fan1
767647058.8,Fan1
767647058.8,Fan1
867264997.6,Fan2
867264997.6,Fan2
867264997.6,Fan2
711309523.8,Fan1
711309523.8,Fan1
711309523.8,Fan1
868495742.7,Fan2
868495742.7,Fan2
868495742.7,Fan2
733727810.7,Fan1
733727810.7,Fan1
733727810.7,Fan1
869380028.4,Fan2
869380028.4,Fan2
869380028.4,Fan2
736111111.1,Fan1
736111111.1,Fan1
736111111.1,Fan1
868085106.4,Fan2
868085106.4,Fan2
868085106.4,Fan2
726470588.2,Fan1
726470588.2,Fan1
726470588.2,Fan1
868918280.6,Fan2
868918280.6,Fan2
868918280.6,Fan2
727205882.4,Fan1
727205882.4,Fan1
727205882.4,Fan1
676900584.8,Fan2
676900584.8,Fan2
676900584.8,Fan2
671140939.6,Fan1
671140939.6,Fan1
671140939.6,Fan1
695266272.2,Fan2
695266272.2,Fan2
695266272.2,Fan2
669580419.6,Fan1
669580419.6,Fan1
669580419.6,Fan1
680147058.8,Fan2
680147058.8,Fan2
680147058.8,Fan2
685314685.3,Fan1
685314685.3,Fan1
685314685.3,Fan1
670588235.3,Fan2
670588235.3,Fan2
670588235.3,Fan2
732394366.2,Fan1
732394366.2,Fan1
732394366.2,Fan1
670588235.3,Fan2
670588235.3,Fan2
670588235.3,Fan2
702797202.8,Fan1
702797202.8,Fan1
702797202.8,Fan1
870444191.3,Fan2
870444191.3,Fan2
870444191.3,Fan2
742097701.2,Fan1
742097701.2,Fan1
742097701.2,Fan1
869426751.6,Fan2
869426751.6,Fan2
869426751.6,Fan2
730337078.7,Fan1
730337078.7,Fan1
730337078.7,Fan1
868516833.5,Fan2
868516833.5,Fan2
868516833.5,Fan2
735632183.9,Fan1
735632183.9,Fan1
735632183.9,Fan1
873062015.5,Fan2
873062015.5,Fan2
873062015.5,Fan2
755747126.4,Fan1
755747126.4,Fan1
755747126.4,Fan1
870336669.7,Fan2
870336669.7,Fan2
870336669.7,Fan2
750000000.0,Fan1
750000000.0,Fan1
750000000.0,Fan1
868155935.2,Fan2
868155935.2,Fan2
868155935.2,Fan2
722222222.2,Fan1
722222222.2,Fan1
722222222.2,Fan1
869622475.9,Fan2
869622475.9,Fan2
869622475.9,Fan2
735465116.3,Fan1
735465116.3,Fan1
735465116.3,Fan1
865848312.1,Fan2
865848312.1,Fan2
865848312.1,Fan2
733918128.7,Fan1
733918128.7,Fan1
733918128.7,Fan1
867763157.9,Fan2
867763157.9,Fan2
867763157.9,Fan2
710982659.0,Fan1
710982659.0,Fan1
710982659.0,Fan1
870443566.1,Fan2
870443566.1,Fan2
870443566.1,Fan2
698275862.1,Fan1
698275862.1,Fan1
698275862.1,Fan1
871083827.3,Fan2
871083827.3,Fan2
871083827.3,Fan2
744252873.6,Fan1
744252873.6,Fan1
744252873.6,Fan1
868076109.9,Fan2
868076109.9,Fan2
868076109.9,Fan2
745714285.7,Fan1
745714285.7,Fan1
745714285.7,Fan1
870188240.3,Fan2
870188240.3,Fan2
870188240.3,Fan2
719803370.8,Fan1
719803370.8,Fan1
719803370.8,Fan1
869712352.0,Fan2
869712352.0,Fan2
869712352.0,Fan2
734375000.0,Fan1
734375000.0,Fan1
734375000.0,Fan1
870088719.9,Fan2
870088719.9,Fan2
870088719.9,Fan2
740000000.0,Fan1
740000000.0,Fan1
740000000.0,Fan1
868581907.1,Fan2
868581907.1,Fan2
868581907.1,Fan2
738235294.1,Fan1
738235294.1,Fan1
738235294.1,Fan1
868785656.1,Fan2
868785656.1,Fan2
868785656.1,Fan2
754437869.8,Fan1
754437869.8,Fan1
754437869.8,Fan1
867862969.0,Fan2
867862969.0,Fan2
867862969.0,Fan2
754437869.8,Fan1
754437869.8,Fan1
754437869.8,Fan1
870710784.3,Fan2
870710784.3,Fan2
870710784.3,Fan2
723837209.3,Fan1
723837209.3,Fan1
723837209.3,Fan1
868378158.1,Fan2
868378158.1,Fan2
868378158.1,Fan2
695402298.9,Fan1
695402298.9,Fan1
695402298.9,Fan1
870377655.4,Fan2
870377655.4,Fan2
870377655.4,Fan2
744186046.5,Fan1
744186046.5,Fan1
744186046.5,Fan1
870275590.6,Fan2
870275590.6,Fan2
870275590.6,Fan2
750000000.0,Fan1
750000000.0,Fan1
750000000.0,Fan1
871158392.4,Fan2
871158392.4,Fan2
871158392.4,Fan2
725274725.3,Fan1
725274725.3,Fan1
725274725.3,Fan1
870866141.7,Fan2
870866141.7,Fan2
870866141.7,Fan2
713888888.9,Fan1
713888888.9,Fan1
713888888.9,Fan1
869838773.1,Fan2
869838773.1,Fan2
869838773.1,Fan2
729050279.3,Fan1
729050279.3,Fan1
729050279.3,Fan1
870250759.9,Fan2
870250759.9,Fan2
870250759.9,Fan2
733727810.7,Fan1
733727810.7,Fan1
733727810.7,Fan1
870060790.3,Fan2
870060790.3,Fan2
870060790.3,Fan2
751461988.3,Fan1
751461988.3,Fan1
751461988.3,Fan1
868411073.2,Fan2
868411073.2,Fan2
868411073.2,Fan2
727339181.3,Fan1
727339181.3,Fan1
727339181.3,Fan1
867981790.6,Fan2
867981790.6,Fan2
867981790.6,Fan2
730994152.1,Fan1
730994152.1,Fan1
730994152.1,Fan1
870349278.7,Fan2
870349278.7,Fan2
870349278.7,Fan2
744117647.1,Fan1
744117647.1,Fan1
744117647.1,Fan1
871003307.6,Fan2
871003307.6,Fan2
871003307.6,Fan2
774566474.0,Fan1
774566474.0,Fan1
774566474.0,Fan1
870949926.4,Fan2
870949926.4,Fan2
870949926.4,Fan2
758620689.7,Fan1
758620689.7,Fan1
758620689.7,Fan1
871596762.3,Fan2
871596762.3,Fan2
871596762.3,Fan2
745664739.9,Fan1
745664739.9,Fan1
745664739.9,Fan1
870275229.4,Fan2
870275229.4,Fan2
870275229.4,Fan2
716292134.8,Fan1
716292134.8,Fan1
716292134.8,Fan1
869397501.8,Fan2
869397501.8,Fan2
869397501.8,Fan2
785201149.4,Fan1
785201149.4,Fan1
785201149.4,Fan1
871002132.2,Fan2
871002132.2,Fan2
871002132.2,Fan2
711925287.4,Fan1
711925287.4,Fan1
711925287.4,Fan1
870429535.0,Fan2
870429535.0,Fan2
870429535.0,Fan2
728070175.4,Fan1
728070175.4,Fan1
728070175.4,Fan1
870870337.5,Fan2
870870337.5,Fan2
870870337.5,Fan2
731508875.7,Fan1
731508875.7,Fan1
731508875.7,Fan1
870205965.9,Fan2
870205965.9,Fan2
870205965.9,Fan2
754437869.8,Fan1
754437869.8,Fan1
754437869.8,Fan1
870252041.2,Fan2
870252041.2,Fan2
870252041.2,Fan2
718390804.6,Fan1
718390804.6,Fan1
718390804.6,Fan1
870364011.0,Fan2
870364011.0,Fan2
870364011.0,Fan2
747126436.8,Fan1
747126436.8,Fan1
747126436.8,Fan1
871691302.9,Fan2
871691302.9,Fan2
871691302.9,Fan2
734463276.8,Fan1
734463276.8,Fan1
734463276.8,Fan1
871477663.2,Fan2
871477663.2,Fan2
871477663.2,Fan2
744186046.5,Fan1
744186046.5,Fan1
744186046.5,Fan1
868998628.3,Fan2
868998628.3,Fan2
868998628.3,Fan2
729050279.3,Fan1
729050279.3,Fan1
729050279.3,Fan1
870192307.7,Fan2
870192307.7,Fan2
870192307.7,Fan2
731638418.1,Fan1
731638418.1,Fan1
731638418.1,Fan1
872709097.0,Fan2
872709097.0,Fan2
872709097.0,Fan2
732352941.2,Fan1
732352941.2,Fan1
732352941.2,Fan1
868447246.2,Fan2
868447246.2,Fan2
868447246.2,Fan2
707614942.5,Fan1
707614942.5,Fan1
707614942.5,Fan1
870222665.3,Fan2
870222665.3,Fan2
870222665.3,Fan2
719298245.6,Fan1
719298245.6,Fan1
719298245.6,Fan1
871423819.0,Fan2
871423819.0,Fan2
871423819.0,Fan2
736029411.8,Fan1
736029411.8,Fan1
736029411.8,Fan1
869890329.0,Fan2
869890329.0,Fan2
869890329.0,Fan2
726470588.2,Fan1
726470588.2,Fan1
726470588.2,Fan1
751445086.7,Fan2
751445086.7,Fan2
751445086.7,Fan2
737762237.8,Fan1
737762237.8,Fan1
737762237.8,Fan1
752873563.2,Fan2
752873563.2,Fan2
752873563.2,Fan2
730769230.8,Fan1
730769230.8,Fan1
730769230.8,Fan1
741279069.8,Fan2
741279069.8,Fan2
741279069.8,Fan2
721830985.9,Fan1
721830985.9,Fan1
721830985.9,Fan1
707614942.5,Fan2
707614942.5,Fan2
707614942.5,Fan2
691780821.9,Fan1
691780821.9,Fan1
691780821.9,Fan1
733727810.7,Fan2
733727810.7,Fan2
733727810.7,Fan2
720279720.3,Fan1
720279720.3,Fan1
720279720.3,Fan1
874071682.3,Fan2
874071682.3,Fan2
874071682.3,Fan2
768786127.2,Fan1
768786127.2,Fan1
768786127.2,Fan1
875242091.7,Fan2
875242091.7,Fan2
875242091.7,Fan2
766618497.1,Fan1
766618497.1,Fan1
766618497.1,Fan1
875201547.9,Fan2
875201547.9,Fan2
875201547.9,Fan2
731213872.8,Fan1
731213872.8,Fan1
731213872.8,Fan1
872419354.8,Fan2
872419354.8,Fan2
872419354.8,Fan2
750000000.0,Fan1
750000000.0,Fan1
750000000.0,Fan1
873022918.0,Fan2
873022918.0,Fan2
873022918.0,Fan2
737142857.1,Fan1
737142857.1,Fan1
737142857.1,Fan1
874023132.2,Fan2
874023132.2,Fan2
874023132.2,Fan2
741176470.6,Fan1
741176470.6,Fan1
741176470.6,Fan1
872070312.5,Fan2
872070312.5,Fan2
872070312.5,Fan2
723529411.8,Fan1
723529411.8,Fan1
723529411.8,Fan1
871250000.0,Fan2
871250000.0,Fan2
871250000.0,Fan2
706896551.7,Fan1
706896551.7,Fan1
706896551.7,Fan1
871875000.0,Fan2
871875000.0,Fan2
871875000.0,Fan2
729411764.7,Fan1
729411764.7,Fan1
729411764.7,Fan1
870746175.5,Fan2
870746175.5,Fan2
870746175.5,Fan2
700581395.4,Fan1
700581395.4,Fan1
700581395.4,Fan1
872276029.1,Fan2
872276029.1,Fan2
872276029.1,Fan2
705056179.8,Fan1
705056179.8,Fan1
705056179.8,Fan1
875075803.5,Fan2
875075803.5,Fan2
875075803.5,Fan2
735632183.9,Fan1
735632183.9,Fan1
735632183.9,Fan1
873711340.2,Fan2
873711340.2,Fan2
873711340.2,Fan2
741477272.7,Fan1
741477272.7,Fan1
741477272.7,Fan1
872578692.5,Fan2
872578692.5,Fan2
872578692.5,Fan2
745111731.8,Fan1
745111731.8,Fan1
745111731.8,Fan1
873521383.1,Fan2
873521383.1,Fan2
873521383.1,Fan2
703208556.2,Fan1
703208556.2,Fan1
703208556.2,Fan1
871963418.1,Fan2
871963418.1,Fan2
871963418.1,Fan2
712500000.0,Fan1
712500000.0,Fan1
712500000.0,Fan1
871032313.4,Fan2
871032313.4,Fan2
871032313.4,Fan2
742857142.9,Fan1
742857142.9,Fan1
742857142.9,Fan1
869714285.7,Fan2
869714285.7,Fan2
869714285.7,Fan2
764367816.1,Fan1
764367816.1,Fan1
764367816.1,Fan1
870211549.5,Fan2
870211549.5,Fan2
870211549.5,Fan2
745762711.9,Fan1
745762711.9,Fan1
745762711.9,Fan1
871923297.1,Fan2
871923297.1,Fan2
871923297.1,Fan2
749281609.2,Fan1
749281609.2,Fan1
749281609.2,Fan1
755244755.2,Fan2
755244755.2,Fan2
755244755.2,Fan2
639860139.9,Fan1
639860139.9,Fan1
639860139.9,Fan1
710344827.6,Fan2
710344827.6,Fan2
710344827.6,Fan2
631944444.4,Fan1
631944444.4,Fan1
631944444.4,Fan1
727586206.9,Fan2
727586206.9,Fan2
727586206.9,Fan2
658450704.2,Fan1
658450704.2,Fan1
658450704.2,Fan1
760563380.3,Fan2
760563380.3,Fan2
760563380.3,Fan2
671328671.3,Fan1
671328671.3,Fan1
671328671.3,Fan1
729166666.7,Fan2
729166666.7,Fan2
729166666.7,Fan2
632867132.9,Fan1
632867132.9,Fan1
632867132.9,Fan1
791223404.3,Fan2
791223404.3,Fan2
791223404.3,Fan2
676470588.2,Fan1
676470588.2,Fan1
676470588.2,Fan1
801418439.7,Fan2
801418439.7,Fan2
801418439.7,Fan2
644117647.1,Fan1
644117647.1,Fan1
644117647.1,Fan1
799645390.1,Fan2
799645390.1,Fan2
799645390.1,Fan2
637500000.0,Fan1
637500000.0,Fan1
637500000.0,Fan1
793165467.6,Fan2
793165467.6,Fan2
793165467.6,Fan2
629411764.7,Fan1
629411764.7,Fan1
629411764.7,Fan1
777397260.3,Fan2
777397260.3,Fan2
777397260.3,Fan2
627906976.7,Fan1
627906976.7,Fan1
627906976.7,Fan1
684931506.9,Fan2
684931506.9,Fan2
684931506.9,Fan2
805869074.5,Fan2
805869074.5,Fan2
805869074.5,Fan2
736842105.3,Fan1
736842105.3,Fan1
736842105.3,Fan1
812500000.0,Fan2
812500000.0,Fan2
812500000.0,Fan2
713375796.2,Fan1
713375796.2,Fan1
713375796.2,Fan1
825748847.9,Fan2
825748847.9,Fan2
825748847.9,Fan2
754966887.4,Fan1
754966887.4,Fan1
754966887.4,Fan1
832563510.4,Fan2
832563510.4,Fan2
832563510.4,Fan2
727272727.3,Fan1
727272727.3,Fan1
727272727.3,Fan1
810657596.4,Fan2
810657596.4,Fan2
810657596.4,Fan2
748366013.1,Fan1
748366013.1,Fan1
748366013.1,Fan1
698630137.0,Fan2
698630137.0,Fan2
698630137.0,Fan2
701492537.3,Fan1
701492537.3,Fan1
701492537.3,Fan1
744897959.2,Fan2
744897959.2,Fan2
744897959.2,Fan2
706766917.3,Fan1
706766917.3,Fan1
706766917.3,Fan1
726027397.3,Fan2
726027397.3,Fan2
726027397.3,Fan2
700757575.8,Fan1
700757575.8,Fan1
700757575.8,Fan1
703333333.3,Fan2
703333333.3,Fan2
703333333.3,Fan2
667808219.2,Fan1
667808219.2,Fan1
667808219.2,Fan1
718750000.0,Fan2
718750000.0,Fan2
718750000.0,Fan2
688356164.4,Fan1
688356164.4,Fan1
688356164.4,Fan1
825481798.7,Fan2
825481798.7,Fan2
825481798.7,Fan2
730769230.8,Fan1
730769230.8,Fan1
730769230.8,Fan1
827623126.3,Fan2
827623126.3,Fan2
827623126.3,Fan2
721518987.3,Fan1
721518987.3,Fan1
721518987.3,Fan1
821505376.3,Fan2
821505376.3,Fan2
821505376.3,Fan2
725308642.0,Fan1
725308642.0,Fan1
725308642.0,Fan1
819057815.9,Fan2
819057815.9,Fan2
819057815.9,Fan2
759615384.6,Fan1
759615384.6,Fan1
759615384.6,Fan1
818710359.4,Fan2
818710359.4,Fan2
818710359.4,Fan2
767515923.6,Fan1
767515923.6,Fan1
767515923.6,Fan1
818181818.2,Fan2
818181818.2,Fan2
818181818.2,Fan2
718354430.4,Fan1
718354430.4,Fan1
718354430.4,Fan1
834337349.4,Fan2
834337349.4,Fan2
834337349.4,Fan2
686363636.4,Fan1
686363636.4,Fan1
686363636.4,Fan1
827037773.4,Fan2
827037773.4,Fan2
827037773.4,Fan2
757305194.8,Fan1
757305194.8,Fan1
757305194.8,Fan1
830500000.0,Fan2
830500000.0,Fan2
830500000.0,Fan2
735197368.4,Fan1
735197368.4,Fan1
735197368.4,Fan1
829341317.4,Fan2
829341317.4,Fan2
829341317.4,Fan2
732026143.8,Fan1
732026143.8,Fan1
732026143.8,Fan1
837108013.9,Fan2
837108013.9,Fan2
837108013.9,Fan2
663742690.1,Fan1
663742690.1,Fan1
663742690.1,Fan1
842059336.8,Fan2
842059336.8,Fan2
842059336.8,Fan2
662790697.7,Fan1
662790697.7,Fan1
662790697.7,Fan1
843585237.3,Fan2
843585237.3,Fan2
843585237.3,Fan2
690751445.1,Fan1
690751445.1,Fan1
690751445.1,Fan1
842381786.3,Fan2
842381786.3,Fan2
842381786.3,Fan2
657894736.8,Fan1
657894736.8,Fan1
657894736.8,Fan1
836236933.8,Fan2
836236933.8,Fan2
836236933.8,Fan2
651162790.7,Fan1
651162790.7,Fan1
651162790.7,Fan1
834150326.8,Fan2
834150326.8,Fan2
834150326.8,Fan2
726080246.9,Fan1
726080246.9,Fan1
726080246.9,Fan1
843393148.5,Fan2
843393148.5,Fan2
843393148.5,Fan2
731707317.1,Fan1
731707317.1,Fan1
731707317.1,Fan1
841803278.7,Fan2
841803278.7,Fan2
841803278.7,Fan2
750000000.0,Fan1
750000000.0,Fan1
750000000.0,Fan1
841543514.0,Fan2
841543514.0,Fan2
841543514.0,Fan2
715568862.3,Fan1
715568862.3,Fan1
715568862.3,Fan1
837152209.5,Fan2
837152209.5,Fan2
837152209.5,Fan2
747670807.5,Fan1
747670807.5,Fan1
747670807.5,Fan1
695804195.8,Fan2
695804195.8,Fan2
695804195.8,Fan2
625000000.0,Fan1
625000000.0,Fan1
625000000.0,Fan1
695804195.8,Fan2
695804195.8,Fan2
695804195.8,Fan2
